"0","names(two_answers4)"
"1"," [1]"
"1"," ""id""                     "
"1"," ""odor_ident_flower""      "
"1"," ""odor_ident_coffee""      "
"1","
"
"1"," [4]"
"1"," ""odor_ident_bubblegum""   "
"1"," ""odor_ident_popcorn""     "
"1"," ""odor_ident_flower.1""    "
"1","
"
"1"," [7]"
"1"," ""odor_ident_flower_v2""   "
"1"," ""odor_ident_flower_v3""   "
"1"," ""odor_ident_flower_v4""   "
"1","
"
"1","[10]"
"1"," ""odor_ident_coffee.1""    "
"1"," ""odor_ident_coffee_v2""   "
"1"," ""odor_ident_coffee_v3""   "
"1","
"
"1","[13]"
"1"," ""odor_ident_coffee_v4""   "
"1"," ""odor_ident_bubblegum.1"" "
"1"," ""odor_ident_bubblegum_v2"""
"1","
"
"1","[16]"
"1"," ""odor_ident_bubblegum_v3"""
"1"," ""odor_ident_bubblegum_v4"""
"1"," ""odor_ident_popcorn.1""   "
"1","
"
"1","[19]"
"1"," ""odor_ident_popcorn_v2""  "
"1"," ""odor_ident_popcorn_v3""  "
"1"," ""odor_ident_popcorn_v4""  "
"1","
"
